suite,dataset,network,normal_class,known_outlier_class,n_known_outlier_classes,ratio_known_outlier,seed,n_epochs,ae_n_epochs,status,test_auc,train_time,test_time,ae_test_auc,ae_train_time,ae_test_time,output_directory
constructed,constructed_mnist,mnist_LeNet,0,1,0,0.0,1,5,5,completed,0.5115999999999999,0.06184887886047363,0.019515275955200195,0.5051,0.15838932991027832,0.04048919677734375,results/experiments/constructed/corruption-rotation/normal-0/ratio-00pct/seed-1
constructed,constructed_mnist,mnist_LeNet,0,1,0,0.0,2,5,5,completed,0.42829999999999996,0.06224775314331055,0.01684093475341797,0.502,0.18447208404541016,0.03612565994262695,results/experiments/constructed/corruption-rotation/normal-0/ratio-00pct/seed-2
constructed,constructed_mnist,mnist_LeNet,0,1,0,0.0,3,5,5,completed,0.5207,0.06583476066589355,0.01943683624267578,0.5064,0.16056442260742188,0.04168558120727539,results/experiments/constructed/corruption-rotation/normal-0/ratio-00pct/seed-3
constructed,constructed_mnist,mnist_LeNet,0,1,1,0.05,1,5,5,completed,0.5009999999999999,0.07038068771362305,0.016894102096557617,0.5051000000000001,0.17274022102355957,0.03510403633117676,results/experiments/constructed/corruption-rotation/normal-0/ratio-05pct/seed-1
constructed,constructed_mnist,mnist_LeNet,0,1,1,0.05,2,5,5,completed,0.426,0.06935000419616699,0.021093130111694336,0.5013,0.19852757453918457,0.0534207820892334,results/experiments/constructed/corruption-rotation/normal-0/ratio-05pct/seed-2
constructed,constructed_mnist,mnist_LeNet,0,1,1,0.05,3,5,5,completed,0.5298,0.06416678428649902,0.017017126083374023,0.5044,0.16600799560546875,0.045803070068359375,results/experiments/constructed/corruption-rotation/normal-0/ratio-05pct/seed-3
constructed,constructed_mnist,mnist_LeNet,0,2,0,0.0,1,5,5,completed,0.3158,0.07051873207092285,0.018523454666137695,0.0,0.16064119338989258,0.03818488121032715,results/experiments/constructed/corruption-gaussian-noise/normal-0/ratio-00pct/seed-1
constructed,constructed_mnist,mnist_LeNet,0,2,0,0.0,2,5,5,completed,0.3527,0.0876460075378418,0.02815389633178711,0.0,0.18100810050964355,0.04514646530151367,results/experiments/constructed/corruption-gaussian-noise/normal-0/ratio-00pct/seed-2
constructed,constructed_mnist,mnist_LeNet,0,2,0,0.0,3,5,5,completed,0.5117,0.07484006881713867,0.019817113876342773,0.0,0.16057109832763672,0.04014444351196289,results/experiments/constructed/corruption-gaussian-noise/normal-0/ratio-00pct/seed-3
constructed,constructed_mnist,mnist_LeNet,0,2,1,0.05,1,5,5,completed,0.30870000000000003,0.07329678535461426,0.02073526382446289,0.0,0.19834065437316895,0.04646110534667969,results/experiments/constructed/corruption-gaussian-noise/normal-0/ratio-05pct/seed-1
constructed,constructed_mnist,mnist_LeNet,0,2,1,0.05,2,5,5,completed,0.3531,0.06778955459594727,0.019498109817504883,0.0,0.19008564949035645,0.03787708282470703,results/experiments/constructed/corruption-gaussian-noise/normal-0/ratio-05pct/seed-2
constructed,constructed_mnist,mnist_LeNet,0,2,1,0.05,3,5,5,completed,0.5396000000000001,0.07353782653808594,0.023530244827270508,0.0,0.16339564323425293,0.04270648956298828,results/experiments/constructed/corruption-gaussian-noise/normal-0/ratio-05pct/seed-3
constructed,constructed_mnist,mnist_LeNet,0,3,0,0.0,1,5,5,completed,0.5215,0.06549906730651855,0.01765584945678711,0.7011000000000001,0.20190906524658203,0.04119420051574707,results/experiments/constructed/corruption-square-occlusion/normal-0/ratio-00pct/seed-1
constructed,constructed_mnist,mnist_LeNet,0,3,0,0.0,2,5,5,completed,0.5416,0.14294981956481934,0.030805110931396484,0.6447,0.15284252166748047,0.061842918395996094,results/experiments/constructed/corruption-square-occlusion/normal-0/ratio-00pct/seed-2
constructed,constructed_mnist,mnist_LeNet,0,3,0,0.0,3,5,5,completed,0.6121,0.07481217384338379,0.017618179321289062,0.6903,0.1769852638244629,0.03700661659240723,results/experiments/constructed/corruption-square-occlusion/normal-0/ratio-00pct/seed-3
constructed,constructed_mnist,mnist_LeNet,0,3,1,0.05,1,5,5,completed,0.5139,0.06091117858886719,0.019893884658813477,0.7011000000000001,0.16309618949890137,0.04327845573425293,results/experiments/constructed/corruption-square-occlusion/normal-0/ratio-05pct/seed-1
constructed,constructed_mnist,mnist_LeNet,0,3,1,0.05,2,5,5,completed,0.5415000000000001,0.07807207107543945,0.018987655639648438,0.6451,0.1624927520751953,0.03590059280395508,results/experiments/constructed/corruption-square-occlusion/normal-0/ratio-05pct/seed-2
constructed,constructed_mnist,mnist_LeNet,0,3,1,0.05,3,5,5,completed,0.606,0.07065510749816895,0.016099214553833008,0.6897,0.2072126865386963,0.037830352783203125,results/experiments/constructed/corruption-square-occlusion/normal-0/ratio-05pct/seed-3
