suite,dataset,network,corruption,normal_class,known_outlier_class,n_known_outlier_classes,ratio_known_outlier,seed,n_epochs,ae_n_epochs,status,test_auc,train_time,test_time,ae_test_auc,ae_train_time,ae_test_time,output_directory
constructed,constructed_mnist,mnist_LeNet,rotation,0,1,0,0.0,1,50,100,completed,0.9382222222222222,0.7406187057495117,0.0869588851928711,0.7806666666666666,2.804640293121338,0.18445849418640137,results/experiments-50ep-ae100/constructed-robustness/corruption-rotation/normal-0/ratio-00pct/seed-1
constructed,constructed_mnist,mnist_LeNet,rotation,0,1,0,0.0,2,50,100,completed,0.9396666666666667,0.688030481338501,0.08457279205322266,0.8788888888888889,2.6359376907348633,0.1623985767364502,results/experiments-50ep-ae100/constructed-robustness/corruption-rotation/normal-0/ratio-00pct/seed-2
constructed,constructed_mnist,mnist_LeNet,rotation,0,1,0,0.0,3,50,100,completed,0.9164222222222222,0.6683506965637207,0.08398723602294922,0.8826555555555555,2.6017487049102783,0.16194629669189453,results/experiments-50ep-ae100/constructed-robustness/corruption-rotation/normal-0/ratio-00pct/seed-3
constructed,constructed_mnist,mnist_LeNet,rotation,0,1,1,0.05,1,50,100,completed,0.945388888888889,0.6746690273284912,0.08943462371826172,0.7018111111111112,2.738175392150879,0.1644268035888672,results/experiments-50ep-ae100/constructed-robustness/corruption-rotation/normal-0/ratio-05pct/seed-1
constructed,constructed_mnist,mnist_LeNet,rotation,0,1,1,0.05,2,50,100,completed,0.9564777777777779,0.6677806377410889,0.10708761215209961,0.7763,2.5924782752990723,0.2565929889678955,results/experiments-50ep-ae100/constructed-robustness/corruption-rotation/normal-0/ratio-05pct/seed-2
constructed,constructed_mnist,mnist_LeNet,rotation,0,1,1,0.05,3,50,100,completed,0.9656555555555556,0.6643619537353516,0.08244109153747559,0.8119444444444445,2.7020351886749268,0.1625046730041504,results/experiments-50ep-ae100/constructed-robustness/corruption-rotation/normal-0/ratio-05pct/seed-3
constructed,constructed_mnist,mnist_LeNet,gaussian_noise,0,1,0,0.0,1,50,100,completed,0.9438555555555556,0.7264404296875,0.10555839538574219,0.8857888888888888,2.7951574325561523,0.1792159080505371,results/experiments-50ep-ae100/constructed-robustness/corruption-gaussian-noise/normal-0/ratio-00pct/seed-1
constructed,constructed_mnist,mnist_LeNet,gaussian_noise,0,1,0,0.0,2,50,100,completed,0.9510777777777778,0.7169768810272217,0.11612391471862793,0.9301888888888888,2.7224695682525635,0.18152713775634766,results/experiments-50ep-ae100/constructed-robustness/corruption-gaussian-noise/normal-0/ratio-00pct/seed-2
constructed,constructed_mnist,mnist_LeNet,gaussian_noise,0,1,0,0.0,3,50,100,completed,0.9112111111111112,0.6901309490203857,0.09543347358703613,0.9130333333333335,2.7123849391937256,0.1759800910949707,results/experiments-50ep-ae100/constructed-robustness/corruption-gaussian-noise/normal-0/ratio-00pct/seed-3
constructed,constructed_mnist,mnist_LeNet,gaussian_noise,0,1,1,0.05,1,50,100,completed,0.9532222222222222,0.7116122245788574,0.10218214988708496,0.7290777777777777,2.8552722930908203,0.18128180503845215,results/experiments-50ep-ae100/constructed-robustness/corruption-gaussian-noise/normal-0/ratio-05pct/seed-1
constructed,constructed_mnist,mnist_LeNet,gaussian_noise,0,1,1,0.05,2,50,100,completed,0.9635444444444444,0.6844708919525146,0.09926652908325195,0.8230111111111111,2.712207555770874,0.18259859085083008,results/experiments-50ep-ae100/constructed-robustness/corruption-gaussian-noise/normal-0/ratio-05pct/seed-2
constructed,constructed_mnist,mnist_LeNet,gaussian_noise,0,1,1,0.05,3,50,100,completed,0.9560777777777779,0.731909990310669,0.1007838249206543,0.8179888888888889,2.6402618885040283,0.17671680450439453,results/experiments-50ep-ae100/constructed-robustness/corruption-gaussian-noise/normal-0/ratio-05pct/seed-3
constructed,constructed_mnist,mnist_LeNet,square_occlusion,0,1,0,0.0,1,50,100,completed,0.8826777777777777,0.7049779891967773,0.08110904693603516,0.7448222222222223,2.7304980754852295,0.18637824058532715,results/experiments-50ep-ae100/constructed-robustness/corruption-square-occlusion/normal-0/ratio-00pct/seed-1
constructed,constructed_mnist,mnist_LeNet,square_occlusion,0,1,0,0.0,2,50,100,completed,0.8816777777777777,0.6578660011291504,0.08656167984008789,0.7362888888888889,2.7496261596679688,0.16344761848449707,results/experiments-50ep-ae100/constructed-robustness/corruption-square-occlusion/normal-0/ratio-00pct/seed-2
constructed,constructed_mnist,mnist_LeNet,square_occlusion,0,1,0,0.0,3,50,100,completed,0.8573666666666666,0.6560227870941162,0.08470964431762695,0.7678777777777779,2.5915584564208984,0.16442394256591797,results/experiments-50ep-ae100/constructed-robustness/corruption-square-occlusion/normal-0/ratio-00pct/seed-3
constructed,constructed_mnist,mnist_LeNet,square_occlusion,0,1,1,0.05,1,50,100,completed,0.9113111111111112,0.7434613704681396,0.08337068557739258,0.6055666666666667,2.666409969329834,0.17915987968444824,results/experiments-50ep-ae100/constructed-robustness/corruption-square-occlusion/normal-0/ratio-05pct/seed-1
constructed,constructed_mnist,mnist_LeNet,square_occlusion,0,1,1,0.05,2,50,100,completed,0.9345444444444445,0.6594922542572021,0.08259892463684082,0.6799222222222222,2.7011094093322754,0.17217206954956055,results/experiments-50ep-ae100/constructed-robustness/corruption-square-occlusion/normal-0/ratio-05pct/seed-2
constructed,constructed_mnist,mnist_LeNet,square_occlusion,0,1,1,0.05,3,50,100,completed,0.9373444444444444,0.6664237976074219,0.10614562034606934,0.7113222222222223,2.6395530700683594,0.1862502098083496,results/experiments-50ep-ae100/constructed-robustness/corruption-square-occlusion/normal-0/ratio-05pct/seed-3
